Designator,Footprint,Quantity,Value,LCSC Part #
"C1_2, C1, C10_2, C10, C11_2, C11, C12_2, C12, C13_2, C13, C14_2, C14, C15_2, C15, C16_2, C16, C17_2, C17, C18_2, C18, C19_2, C19, C2_2, C2, C20_2, C20, C21_2, C21, C22_2, C22, C23_2, C23, C24_2, C24, C25_2, C25, C26_2, C26, C27_2, C27, C3_2, C3, C4_2, C4, C5_2, C5, C6_2, C6, C7_2, C7, C8_2, C8, C9_2, C9",SMD_Cap_0603,54,0.1u,
"D1_2, D1, D10_2, D10, D11_2, D11, D12_2, D12, D13_2, D13, D14_2, D14, D15_2, D15, D16_2, D16, D17_2, D17, D18_2, D18, D19_2, D19, D2_2, D2, D20_2, D20, D21_2, D21, D3_2, D3, D4_2, D4, D5_2, D5, D6_2, D6, D7_2, D7, D8_2, D8, D9_2, D9",SMD_SOD123,42, ,
"J1_2, J1",Pimoroni Haptic Buzz,2,Conn_01x05,
"J2_2, J2",TH_BatteryConn,2,Conn_01x02,
"LCD1_2, LCD1",nice!view,2,nice!view,
"LED1_2, LED1, LED10_2, LED10, LED11_2, LED11, LED12_2, LED12, LED13_2, LED13, LED14_2, LED14, LED15_2, LED15, LED16_2, LED16, LED17_2, LED17, LED18_2, LED18, LED19_2, LED19, LED2_2, LED2, LED20_2, LED20, LED21_2, LED21, LED22_2, LED22, LED23_2, LED23, LED24_2, LED24, LED25_2, LED25, LED3_2, LED3, LED4_2, LED4, LED5_2, LED5, LED6_2, LED6, LED7_2, LED7, LED8_2, LED8, LED9_2, LED9",SK6812-SIDE,50,SK6812,
"Q1_2, Q1",SMD_P_MOSFET_SOT-23,2,Q_PMOS_GSD,
"R1_2, R1, R2_2, R2, R3_2, R3, R4_2, R4",SMD_Res_1206,8,10k,
"R5_2, R5",SMD_Res_1206,2,200,
"R6_2, R6",SMD_Res_1206,2,200k,
"SW1_2, SW1, SW10_2, SW10, SW11_2, SW11, SW12_2, SW12, SW13_2, SW13, SW14_2, SW14, SW15_2, SW15, SW17_2, SW17, SW18_2, SW18, SW19_2, SW19, SW2_2, SW2, SW20_2, SW20, SW21_2, SW21, SW3_2, SW3, SW4_2, SW4, SW5_2, SW5, SW6_2, SW6, SW7_2, SW7, SW8_2, SW8, SW9_2, SW9",SMD_CherryMX_MidHeight_HotSwap,40,MX,
"SW16_2, SW16",EC11,2,RotaryEncoder_Switch,
"SW22_2, SW22",SMD_SW_SPDT_PCM12,2,SW_DPDT_x2,
"SW23_2, SW23",SMD_SW_SPST_B3U-3000P-B,2,SW_PUSH,
"U1_2, U1",nice!nano,2,ProMicro_r,
"U2_2, U2",SMD_74AUP2G14_SOT-363,2,74AUP2G14,
