Designator,Footprint,Quantity,Value,LCSC Part #
"C1, C10, C11, C12, C13, C14, C15, C2, C3, C4, C5, C6, C7, C8, C9",SMD_Cap_0603,15,0.1u,
"D1, D10, D11, D12, D13, D14, D15, D16, D17, D18, D19, D2, D20, D21, D3, D4, D5, D6, D7, D8, D9",SMD_SOD123,21, ,
"H1, H2, H3, H4, H5, H6, H7, H8",MountingHole_4mm,8,MountingHole,
J1,TH_BatteryConn,1,Conn_01x02,
J2,Pimoroni Haptic Buzz,1,Conn_01x05,
LCD1,nice!view,1,nice!view,
"LED1, LED2, LED3, LED4, LED5, LED6, LED7, LED8, LED9",WS2812B_data-bridgeable,9,SK6812,
"LED10, LED11, LED12, LED13",SK6812-SIDE,4,SK6812,
Q1,SMD_P_MOSFET_SOT-23,1,Q_PMOS_GSD,
"R1, R2, R3, R4",SMD_Res_1206,4,10k,
R5,SMD_Res_1206,1,200,
R6,SMD_Res_1206,1,200k,
"SW1, SW10, SW11, SW12, SW13, SW14, SW15, SW17, SW18, SW19, SW2, SW20, SW21, SW3, SW4, SW5, SW6, SW7, SW8, SW9",SMD_CherryMX_MidHeight_HotSwap,20,MX,
SW16,EC11,1,RotaryEncoder_Switch,
SW22,SMD_SW_SPDT_PCM12,1,SW_DPDT_x2,
SW23,SMD_SW_SPST_B3U-3000P-B,1,SW_PUSH,
U1,nice!nano,1,nice!nano,
U2,SMD_74AUP2G14_SOT-363,1,74AUP2G14,
