Designator,Footprint,Quantity,Value,LCSC Part #
"C10_R1, C11_R1, C12_R1, C13_R1, C14_R1, C15_R1, C1_R1, C2_R1, C3_R1, C4_R1, C5_R1, C6_R1, C7_R1, C8_R1, C9_R1",SMD_Cap_0603,15,0.1u,
"D10_R1, D11_R1, D12_R1, D13_R1, D14_R1, D15_R1, D16_R1, D17_R1, D18_R1, D19_R1, D1_R1, D20_R1, D21_R1, D2_R1, D3_R1, D4_R1, D5_R1, D6_R1, D7_R1, D8_R1, D9_R1",SMD_SOD123,21, ,
"H1_R1, H2_R1, H3_R1, H4_R1, H5_R1, H6_R1, H7_R1, H8_R1",MountingHole_4mm,8,MountingHole,
J1_R1,TH_BatteryConn,1,Conn_01x02,
J2_R1,Pimoroni Haptic Buzz,1,Conn_01x05,
LCD1_R1,nice!view,1,nice!view,
"LED10_R1, LED11_R1, LED12_R1, LED13_R1, LED5_R1, LED6_R1, LED7_R1, LED8_R1, LED9_R1",WS2812B_data-bridgeable,9,SK6812,
"LED1_R1, LED2_R1, LED3_R1, LED4_R1",SK6812-SIDE,4,SK6812,
Q1_R1,SMD_P_MOSFET_SOT-23,1,Q_PMOS_GSD,
"R1_R1, R2_R1, R3_R1, R4_R1",SMD_Res_1206,4,10k,
R5_R1,SMD_Res_1206,1,200,
R6_R1,SMD_Res_1206,1,200k,
"SW10_R1, SW11_R1, SW12_R1, SW13_R1, SW14_R1, SW15_R1, SW17_R1, SW18_R1, SW19_R1, SW1_R1, SW20_R1, SW21_R1, SW2_R1, SW3_R1, SW4_R1, SW5_R1, SW6_R1, SW7_R1, SW8_R1, SW9_R1",SMD_CherryMX_MidHeight_HotSwap,20,MX,
SW16_R1,EC11,1,RotaryEncoder_Switch,
SW22_R1,SMD_SW_SPDT_PCM12,1,SW_DPDT_x2,
SW23_R1,SMD_SW_SPST_B3U-3000P-B,1,SW_PUSH,
U1_R1,nice!nano,1,nice!nano,
U2_R1,SMD_74AUP2G14_SOT-363,1,74AUP2G14,
